Metric,Actual,MC_Mean,MC_Std,Percentile,P_Value,Significant
Cumulative Return,0.3571236946105933,0.21311627031871686,0.2655964675317254,73.5,0.265,False
Sharpe Ratio,2.1139838836397096,0.9100276757890402,1.0218436998346736,88.0,0.12,False
Sortino Ratio,1.9797145205436024,0.9603880818394677,1.075579704500134,83.5,0.165,False
Max Drawdown,-0.1069466209771078,-0.17592006291252688,0.06474009452730285,88.43,0.8843000000000001,False
