Metric,Portfolio,Benchmark
Cumulative_Return,0.4075594267940521,0.19054271838938086
Sortino_Ratio,2.11142463142081,0.9908632130449376
Max_Drawdown,-0.10694204585956715,-0.1875523767324495
Sharpe_Ratio,2.4372286089012896,1.0117927149948542
Volatility,0.14956509980711602,0.19697446473929847
