Metric,Portfolio,Benchmark
Cumulative_Return,0.35712369461059335,0.1905425926397324
Sortino_Ratio,1.9797145205436022,0.9908622147866284
Max_Drawdown,-0.10694662097710782,-0.18755237673244882
Sharpe_Ratio,2.1139838836397096,1.0117919271353535
Volatility,0.15496312799754833,0.1969745214440257
